
{
    "$schema": "http://json-schema.org/draft-07/schema#",
    "$id": "members.edit",
    "title": "members.edit",
    "description": "Schema for members.edit",
    "type": "object",
    "additionalProperties": false,
    "properties": {
        "members": {
            "type": "array",
            "minItems": 1,
            "maxItems": 1,
            "items": {
                "type": "object",
                "allOf": [{"$ref": "members#/definitions/member"}]
            }
        }
    },
    "required": ["members"]
  }
